the,213
to,99
and,58
a,53
you,43
is,37
will,32
in,32
of,31
it,28
hbase,28
that,27
this,25
your,24
data,24
files,23
for,22
bulk,19
be,18
as,18
use,16
job,15
have,15
can,15
by,15
hdfs,14
cloudera,14
are,14
or,13
table,12
write,11
loading,11
load,11
with,10
into,10
hfiles,10
file,10
but,10
using,9
need,9
key,9
following,9
first,9
process,8
on,8
command,8
at,8
when,7
we,7
split,7
so,7
row,7
output,7
one,7
how,7
going,7
get,7
then,6
step,6
run,6
regions,6
path,6
number,6
now,6
loaded,6
its,6
issue,6
do,6
create,6
cdh,6
being,6
where,5
via,5
up,5
transform,5
them,5
shell,5
see,5
same,5
rwrr,5
regionservers,5
region,5
put,5
own,5
other,5
jar,5
importtsv,5
if,5
hadoop,5
from,5
examples,5
directly,5
delete,5
cluster,5
bulkloaded,5
an,5
also,5
all,5
wordcount,4
were,4
vm,4
value,4
user,4
upload,4
two,4
tool,4
those,4
than,4
start,4
sets,4
reducer,4
points,4
original,4
normal,4
most,4
more,4
mapper,4
keyvalue,4
five,4
example,4
either,4
created,4
count,4
contains,4
configure,4
compaction,4
class,4
case,4
any,4
written,3
words,3
wont,3
who,3
wal,3
tsv,3
try,3
time,3
through,3
space,3
show,3
should,3
set,3
sample,3
running,3
result,3
regionserver,3
reading,3
r,3
post,3
part,3
order,3
open,3
next,3
needs,3
much,3
mr,3
means,3
major,3
line,3
keep,3
just,3
input,3
import,3
i,3
hfile,3
heres,3
here,3
goes,3
doing,3
doesnt,3
different,3
dfs,3
deleted,3
dataset,3
currently,3
could,3
completebulkload,3
column,3
chown,3
blog,3
big,3
because,3
available,3
apache,3
another,3
according,3
youre,2
youll,2
works,2
workload,2
wordcountcsv,2
which,2
well,2
was,2
very,2
values,2
userclouderaoutput,2
usage,2
u,2
tune,2
they,2
there,2
their,2
text,2
tell,2
symptoms,2
sudo,2
such,2
source,2
size,2
since,2
simple,2
similar,2
sequence,2
second,2
script,2
schema,2
requires,2
quick,2
qualifier,2
public,2
proper,2
probably,2
prepare,2
point,2
per,2
partitioner,2
owner,2
out,2
our,2
orgapachehadoophbasemapreduceloadincrementalhfiles,2
only,2
once,2
not,2
new,2
needed,2
mysqldump,2
my,2
multiple,2
move,2
memstore,2
maven,2
match,2
mapreduce,2
make,2
loader,2
list,2
like,2
least,2
lakers,2
issues,2
isnt,2
introduce,2
interface,2
instead,2
inserted,2
insert,2
incremental,2
immutablebyteswritable,2
hbasekvmapper,2
hbasehbase,2
has,2
handled,2
grab,2
game,2
format,2
find,2
few,2
feature,2
family,2
f,2
etl,2
entirely,2
end,2
during,2
dont,2
done,2
distribution,2
disk,2
dimporttsvseparator,2
dimporttsvcolumnshbaserowkeyfcount,2
dimporttsvbulkoutputoutput,2
design,2
default,2
consider,2
concepts,2
completely,2
complete,2
compactions,2
compacted,2
commonly,2
comes,2
colleague,2
celtics,2
cases,2
cannot,2
call,2
bypasses,2
bug,2
better,2
best,2
before,2
basic,2
automatically,2
assigned,2
amount,2
already,2
again,2
after,2
affect,2
yourself,1
wrote,1
wrong,1
writing,1
writeheavy,1
work,1
word,1
without,1
within,1
while,1
web,1
way,1
want,1
wals,1
w,1
vms,1
visible,1
virtual,1
version,1
users,1
url,1
uploads,1
typically,1
types,1
twitter,1
twice,1
tweak,1
truly,1
triggers,1
triggering,1
trigger,1
transformation,1
total,1
tools,1
titles,1
timestamp,1
times,1
thus,1
threshold,1
third,1
things,1
these,1
themselves,1
telling,1
tasks,1
take,1
tables,1
tableoutputformat,1
tablename,1
sure,1
support,1
strings,1
string,1
stress,1
still,1
starts,1
starting,1
started,1
stage,1
spread,1
splits,1
specifies,1
sorting,1
soon,1
some,1
solutions,1
software,1
snippet,1
smarter,1
small,1
sla,1
skipping,1
singlenode,1
simply,1
shows,1
ships,1
ship,1
serving,1
service,1
serves,1
served,1
seriously,1
serious,1
separator,1
separately,1
selecting,1
select,1
securityjar,1
section,1
say,1
rundown,1
rows,1
rowkey,1
rowfeeder,1
right,1
rewritten,1
returned,1
resulting,1
respects,1
requirements,1
repository,1
replication,1
replicated,1
removed,1
remaining,1
relevant,1
relative,1
related,1
referred,1
reducers,1
reduce,1
recommend,1
recently,1
reappearing,1
realtime,1
readwrite,1
readme,1
read,1
raw,1
rather,1
range,1
random,1
quickstart,1
quickly,1
queues,1
queries,1
putsortreducer,1
putsetwritetowaltrue,1
provided,1
prototyping,1
propose,1
project,1
processing,1
processes,1
problematic,1
previously,1
presplit,1
presentation,1
present,1
preparing,1
preconfigured,1
practice,1
potential,1
place,1
picked,1
permission,1
perform,1
percentile,1
passing,1
party,1
partitions,1
pains,1
overwritten,1
overview,1
outputting,1
otherwise,1
os,1
option,1
often,1
occurs,1
obviating,1
o,1
note,1
nightly,1
newly,1
nba,1
name,1
mysql,1
mitigate,1
minute,1
minor,1
mind,1
migrating,1
might,1
messages,1
memstores,1
memory,1
member,1
meaning,1
mbs,1
mapperlongwritable,1
many,1
manuscript,1
manipulating,1
manage,1
machine,1
m,1
lot,1
looks,1
looking,1
log,1
locates,1
loads,1
loadings,1
loadincrementalhfiles,1
links,1
lifting,1
libjars,1
lets,1
less,1
leave,1
learn,1
latencysensitive,1
latencys,1
latency,1
lars,1
large,1
known,1
kinley,1
keyvaluesortreducer,1
keys,1
keepdeletedcells,1
jobsetmapoutputvalueclasskeyvalueclass,1
jobsetmapoutputkeyclassimmutablebyteswritableclass,1
jobs,1
jeandaniel,1
jd,1
james,1
itself,1
io,1
invoking,1
intuitively,1
interprets,1
instructions,1
installed,1
inspects,1
inserts,1
inputdir,1
included,1
important,1
illustration,1
ill,1
identified,1
hundreds,1
hue,1
httpspeopleapacheorgjdcryanswordcountcsv,1
http,1
htable,1
hours,1
hfileoutputformats,1
hfileoutputformatconfigureincrementalloadjob,1
hfileoutputformatconfigureincrementalload,1
hfileoutputformat,1
help,1
heavy,1
hcolumndescriptorsetkeepdeletedcells,1
hbasespeak,1
hbases,1
hbaserowkey,1
hbasehstoreuseexploringcompation,1
having,1
happens,1
hang,1
handle,1
hadoopclasspathhadoopclasspathetchbaseconfusrlibhbase,1
guest,1
growing,1
graphical,1
good,1
goal,1
go,1
giving,1
given,1
git,1
gigabytes,1
georges,1
generates,1
generate,1
gc,1
gbs,1
g,1
four,1
formats,1
forgot,1
forget,1
folder,1
flushing,1
flushes,1
flush,1
flow,1
fixes,1
fixed,1
fix,1
finals,1
finally,1
final,1
fields,1
faster,1
families,1
fact,1
facebook,1
extraction,1
extract,1
extends,1
export,1
explained,1
exercise,1
everything,1
every,1
eventually,1
event,1
evenly,1
europe,1
error,1
enough,1
engineer,1
enabled,1
empty,1
emit,1
else,1
elements,1
efficiently,1
efficient,1
effect,1
edits,1
easiest,1
easier,1
each,1
dump,1
due,1
driver,1
does,1
distributedcache,1
distributed,1
directories,1
dimporttsvcolumnsabc,1
desktop,1
designing,1
described,1
deploy,1
dependencies,1
delimiterseparated,1
decided,1
datastore,1
database,1
custom,1
current,1
curl,1
csv,1
cryans,1
creating,1
corresponding,1
control,1
contained,1
contain,1
console,1
considered,1
consideration,1
configuring,1
configureincrementalload,1
configured,1
configuration,1
conclusion,1
compile,1
compete,1
compactionselection,1
compacting,1
committerpmc,1
comma,1
comclouderaexampleshbasebulkimportdriver,1
columns,1
code,1
clone,1
client,1
classpath,1
choice,1
changing,1
change,1
cells,1
cell,1
called,1
bypassing,1
bypass,1
builtin,1
browser,1
branch,1
boundaries,1
both,1
bits,1
bigger,1
between,1
below,1
belong,1
become,1
batch,1
baked,1
back,1
aware,1
avoid,1
auto,1
arguments,1
architect,1
appropriate,1
approaches,1
appliance,1
apis,1
api,1
anything,1
analysis,1
almost,1
allcaps,1
algorithm,1
adverse,1
advantage,1
advanced,1
adds,1
additional,1
added,1
across,1
access,1
about,1
able,1
